INSERT INTO Profesor (Id_profesor, Nombre, Fecha_contratacion, Correo) VALUES (1, 'Carlos Pérez', TO_DATE('2015-03-01', 'YYYY-MM-DD'), 'carlos.perez@universidad.edu.co');
INSERT INTO Profesor (Id_profesor, Nombre, Fecha_contratacion, Correo) VALUES (2, 'María Gómez', TO_DATE('2017-06-15', 'YYYY-MM-DD'), 'maria.gomez@universidad.edu.co');
INSERT INTO Profesor (Id_profesor, Nombre, Fecha_contratacion, Correo) VALUES (3, 'Juan Rodríguez', TO_DATE('2016-01-10', 'YYYY-MM-DD'), 'juan.rodriguez@universidad.edu.co');
INSERT INTO Profesor (Id_profesor, Nombre, Fecha_contratacion, Correo) VALUES (4, 'Laura Martínez', TO_DATE('2018-09-20', 'YYYY-MM-DD'), 'laura.martinez@universidad.edu.co');
INSERT INTO Profesor (Id_profesor, Nombre, Fecha_contratacion, Correo) VALUES (5, 'Andrés Sánchez', TO_DATE('2019-02-25', 'YYYY-MM-DD'), 'andres.sanchez@universidad.edu.co');
INSERT INTO Profesor (Id_profesor, Nombre, Fecha_contratacion, Correo) VALUES (6, 'Claudia López', TO_DATE('2020-11-10', 'YYYY-MM-DD'), 'claudia.lopez@universidad.edu.co');
INSERT INTO Profesor (Id_profesor, Nombre, Fecha_contratacion, Correo) VALUES (7, 'Ricardo Díaz', TO_DATE('2014-05-05', 'YYYY-MM-DD'), 'ricardo.diaz@universidad.edu.co');
INSERT INTO Profesor (Id_profesor, Nombre, Fecha_contratacion, Correo) VALUES (8, 'Patricia Romero', TO_DATE('2013-08-15', 'YYYY-MM-DD'), 'patricia.romero@universidad.edu.co');
INSERT INTO Profesor (Id_profesor, Nombre, Fecha_contratacion, Correo) VALUES (9, 'Fernando Torres', TO_DATE('2012-07-07', 'YYYY-MM-DD'), 'fernando.torres@universidad.edu.co');
INSERT INTO Profesor (Id_profesor, Nombre, Fecha_contratacion, Correo) VALUES (10, 'Ana Ríos', TO_DATE('2011-04-01', 'YYYY-MM-DD'), 'ana.rios@universidad.edu.co');

INSERT INTO Curso (Id_curso, Nombre_curso, Creditos, id_profesor) VALUES (1, 'Matemáticas', 3, 1);
INSERT INTO Curso (Id_curso, Nombre_curso, Creditos, id_profesor) VALUES (2, 'Física', 4, 2);
INSERT INTO Curso (Id_curso, Nombre_curso, Creditos, id_profesor) VALUES (3, 'Química', 3, 3);
INSERT INTO Curso (Id_curso, Nombre_curso, Creditos, id_profesor) VALUES (4, 'Biología', 4, 4);
INSERT INTO Curso (Id_curso, Nombre_curso, Creditos, id_profesor) VALUES (5, 'Historia', 3, 5);
INSERT INTO Curso (Id_curso, Nombre_curso, Creditos, id_profesor) VALUES (6, 'Literatura', 2, 6);
INSERT INTO Curso (Id_curso, Nombre_curso, Creditos, id_profesor) VALUES (7, 'Inglés', 2, 7);
INSERT INTO Curso (Id_curso, Nombre_curso, Creditos, id_profesor) VALUES (8, 'Computación', 3, 8);
INSERT INTO Curso (Id_curso, Nombre_curso, Creditos, id_profesor) VALUES (9, 'Geografía', 3, 9);
INSERT INTO Curso (Id_curso, Nombre_curso, Creditos, id_profesor) VALUES (10, 'Arte', 2, 10);

INSERT INTO Estudiante (Id_studiante, Nombre_estudiante, Fecha_nacimiento, Correo) VALUES (1, 'José López', TO_DATE('2000-01-01', 'YYYY-MM-DD'), 'jose.lopez@correo.com');
INSERT INTO Estudiante (Id_studiante, Nombre_estudiante, Fecha_nacimiento, Correo) VALUES (2, 'María Pérez', TO_DATE('1999-02-15', 'YYYY-MM-DD'), 'maria.perez@correo.com');
INSERT INTO Estudiante (Id_studiante, Nombre_estudiante, Fecha_nacimiento, Correo) VALUES (3, 'Carlos Martínez', TO_DATE('2001-03-10', 'YYYY-MM-DD'), 'carlos.martinez@correo.com');
INSERT INTO Estudiante (Id_studiante, Nombre_estudiante, Fecha_nacimiento, Correo) VALUES (4, 'Ana Rodríguez', TO_DATE('1998-04-25', 'YYYY-MM-DD'), 'ana.rodriguez@correo.com');
INSERT INTO Estudiante (Id_studiante, Nombre_estudiante, Fecha_nacimiento, Correo) VALUES (5, 'Luis Gómez', TO_DATE('2000-05-20', 'YYYY-MM-DD'), 'luis.gomez@correo.com');
INSERT INTO Estudiante (Id_studiante, Nombre_estudiante, Fecha_nacimiento, Correo) VALUES (6, 'Lucía Sánchez', TO_DATE('1999-06-15', 'YYYY-MM-DD'), 'lucia.sanchez@correo.com');
INSERT INTO Estudiante (Id_studiante, Nombre_estudiante, Fecha_nacimiento, Correo) VALUES (7, 'Jorge Díaz', TO_DATE('2001-07-30', 'YYYY-MM-DD'), 'jorge.diaz@correo.com');
INSERT INTO Estudiante (Id_studiante, Nombre_estudiante, Fecha_nacimiento, Correo) VALUES (8, 'Marta Fernández', TO_DATE('1998-08-05', 'YYYY-MM-DD'), 'marta.fernandez@correo.com');
INSERT INTO Estudiante (Id_studiante, Nombre_estudiante, Fecha_nacimiento, Correo) VALUES (9, 'Pedro Romero', TO_DATE('2000-09-10', 'YYYY-MM-DD'), 'pedro.romero@correo.com');
INSERT INTO Estudiante (Id_studiante, Nombre_estudiante, Fecha_nacimiento, Correo) VALUES (10, 'Laura Torres', TO_DATE('1999-10-20', 'YYYY-MM-DD'), 'laura.torres@correo.com');

INSERT INTO Matricula (Matricula_id, Fecha_matriucla, id_curso, id_estudiante) VALUES (1, TO_DATE('2023-01-15', 'YYYY-MM-DD'), 1, 1);
INSERT INTO Matricula (Matricula_id, Fecha_matriucla, id_curso, id_estudiante) VALUES (2, TO_DATE('2023-02-20', 'YYYY-MM-DD'), 2, 2);
INSERT INTO Matricula (Matricula_id, Fecha_matriucla, id_curso, id_estudiante) VALUES (3, TO_DATE('2023-03-12', 'YYYY-MM-DD'), 3, 3);
INSERT INTO Matricula (Matricula_id, Fecha_matriucla, id_curso, id_estudiante) VALUES (4, TO_DATE('2023-04-25', 'YYYY-MM-DD'), 4, 4);
INSERT INTO Matricula (Matricula_id, Fecha_matriucla, id_curso, id_estudiante) VALUES (5, TO_DATE('2023-05-30', 'YYYY-MM-DD'), 5, 5);
INSERT INTO Matricula (Matricula_id, Fecha_matriucla, id_curso, id_estudiante) VALUES (6, TO_DATE('2023-06-15', 'YYYY-MM-DD'), 6, 6);
INSERT INTO Matricula (Matricula_id, Fecha_matriucla, id_curso, id_estudiante) VALUES (7, TO_DATE('2023-07-20', 'YYYY-MM-DD'), 7, 7);
INSERT INTO Matricula (Matricula_id, Fecha_matriucla, id_curso, id_estudiante) VALUES (8, TO_DATE('2023-08-12', 'YYYY-MM-DD'), 8, 8);
INSERT INTO Matricula (Matricula_id, Fecha_matriucla, id_curso, id_estudiante) VALUES (9, TO_DATE('2023-09-25', 'YYYY-MM-DD'), 9, 9);
INSERT INTO Matricula (Matricula_id, Fecha_matriucla, id_curso, id_estudiante) VALUES (10, TO_DATE('2023-10-30', 'YYYY-MM-DD'), 10, 10);

INSERT INTO Pagos (id_pago, amount, paymentDate, paymentTipe, Id_estudiante) VALUES (1, 100000, TO_DATE('2023-01-15', 'YYYY-MM-DD'), 'Tarjeta de crédito', 1);
INSERT INTO Pagos (id_pago, amount, paymentDate, paymentTipe, Id_estudiante) VALUES (2, 150000, TO_DATE('2023-02-15', 'YYYY-MM-DD'), 'Transferencia bancaria', 2);
INSERT INTO Pagos (id_pago, amount, paymentDate, paymentTipe, Id_estudiante) VALUES (3, 200000, TO_DATE('2023-03-15', 'YYYY-MM-DD'), 'Efectivo', 3);
INSERT INTO Pagos (id_pago, amount, paymentDate, paymentTipe, Id_estudiante) VALUES (4, 250000, TO_DATE('2023-04-15', 'YYYY-MM-DD'), 'Tarjeta de crédito', 4);
INSERT INTO Pagos (id_pago, amount, paymentDate, paymentTipe, Id_estudiante) VALUES (5, 300000, TO_DATE('2023-05-15', 'YYYY-MM-DD'), 'Transferencia bancaria', 5);
INSERT INTO Pagos (id_pago, amount, paymentDate, paymentTipe, Id_estudiante) VALUES (6, 350000, TO_DATE('2023-06-15', 'YYYY-MM-DD'), 'Efectivo', 6);
INSERT INTO Pagos (id_pago, amount, paymentDate, paymentTipe, Id_estudiante) VALUES (7, 400000, TO_DATE('2023-07-15', 'YYYY-MM-DD'), 'Tarjeta de crédito', 7);
INSERT INTO Pagos (id_pago, amount, paymentDate, paymentTipe, Id_estudiante) VALUES (8, 450000, TO_DATE('2023-08-15', 'YYYY-MM-DD'), 'Transferencia bancaria', 8);
INSERT INTO Pagos (id_pago, amount, paymentDate, paymentTipe, Id_estudiante) VALUES (9, 500000, TO_DATE('2023-09-15', 'YYYY-MM-DD'), 'Efectivo', 9);
INSERT INTO Pagos (id_pago, amount, paymentDate, paymentTipe, Id_estudiante) VALUES (10, 550000, TO_DATE('2023-10-15', 'YYYY-MM-DD'), 'Tarjeta de crédito', 10);
